{"cameraMode":{"drawMode":0,"name":"Shaded","section":"Shading Mode"},"sceneLighting":true,"audioPlay":false,"sceneViewState":{"showFog":true,"showMaterialUpdate":false,"showSkybox":true,"showFlares":true,"showImageEffects":true,"showParticleSystems":true},"in2DMode":false,"pivot":{"x":-0.36879587173461916,"y":7.3184814453125,"z":-0.30158042907714846},"rotation":{"x":0.16578280925750733,"y":0.14147071540355683,"z":-0.024039002135396005,"w":0.9756707549095154},"size":29.086715698242189,"orthographic":false}